{
  "uas":88.7195264794,
  "las":85.3430369665,
  "ents_p":0.0,
  "ents_r":0.0,
  "ents_f":0.0,
  "tags_acc":95.1387170392,
  "token_acc":100.0
}